NIS,Nama Lengkap,Kelas
8915,Almaira Syakira Firmansyah,8G
8855,Almiira IInaas Yurisma,8G
8824,ALZARA ERSYAH SABRINA,8G
8918,Anisa Ramadhani Putri,8G
9013,Aprilio Catur Nugroho,8G
8982,ARIF WICAKSONO,8G
8983,ARVIN PRILIYATAMA,8G
8794,AUFA BIMA AHADA,8G
9017,Bilan Danarjaya,8G
8856,DANIYAL AZKA SUSANTO,8G
8889,Devina Athalia Rahma,8G
8952,DHAFIN RAZKANDRA WIDI,8G
8891,Dimas Candra Saputra,8G
8985,Ega Aprila Audinska,8G
8989,Fathan Dzikra Pratama,8G
8895,Gizella Gwen Stevanie,8G
8862,HASNA PRATIWI AL-JUENI,8G
8993,KEZIA TANZILA AZKA,8G
8865,KHASBUNNA PUTRA PRANATA,8G
8956,LALITA CAYADEWI,8G
8803,Mikayla Aura Sari,8G
8805,MUHAMMAD ARVIN ADHIESTA PUTRA,8G
8807,Nabila Halifatulhayah,8G
8874,Puspa Indah Permata,8G
8965,Rachelia Suci Maharani,8G
8941,SABIQ KANZI AFHAM,8G
9035,SALLY AFWA AR ROHMAN,8G
8969,Satria hilman wardhana,8G
9038,Shafaq Adita Putra,8G
9040,Syafi' Rasyiq,8G
9007,VALBRYANO PUTRA ERLYVIAN,8G
8882,A'la Verdi Maharaya,8H
8818,ABDI KAFA TSAQIF,8H
8786,ADELIA SAFITRI,8H
8819,Adimas Dafa Antonio,8H
8820,ADITYA ARYASATYA REZKY PRATAMA,8H
8821,Aisha Nanda Lestari,8H
8823,ALFARIZQI NAUFAL SANTOSO,8H
8948,AMELIA KHUSNUL NATHANIA,8H
8916,Amelia Nur Baiti,8H
8980,ANASTASYA FIRDAUSI,8H
9302,Anggoro Malik Al Ghany,8H
9303,AQILLIO AZKA PUTRA WINARTO,8H
9014,Arfa Safira Qur'aini,8H
8921,AZHUMA NAVILLA PUTRI,8H
9016,Azzahra Dwi Pertiwi,8H
8795,Calista Nur Amalina,8H
8828,CALLISTA MEYKHAYLA AURA PUTRI,8H
8888,Danadyaksa Kawiswara Aji,8H
8858,Diva Safira Putri,8H
8894,Firdania Zahra Choirunnisa,8H
8897,Iqbal Bhaihaqi,8H
8957,Mahesa Vandes Nugroho,8H
8958,Muhamad Celvin Alfabed Muzaqi,8H
8936,Muhammad Rezky Aprillio,8H
8871,Nadya Ayu Octaviansyah,8H
8998,Naysilla Figliana Regita Pramesti,8H
8876,Rafa Ali Mustofa,8H
9006,Tazkeia Sophia Agatha,8H
8848,WINZA SABIRIN,8H
8849,WINZI SABIRIN,8H
8912,Yudha Saka Alvauzi,8H
8973,Zahrayya Lu'lu'ul Aafiyah,8H
